文章名称,链接,类型,限制,推荐ID,推荐理由
the eve of seperation.,https://archiveofourown.org/works/90399866,古希腊神话,R,,
What Comes After,https://archiveofourown.org/works/89538931,原作,R,,
Only for Himself,https://archiveofourown.org/works/91464631,原作,R,,
Quantum physics and other drugs,https://archiveofourown.org/works/91335971,美高,R,,
Après la sonnerie,https://archiveofourown.org/works/90987111,美高,R,,
Accidental Honeymoon,https://archiveofourown.org/works/89538146,现PA,R,,
Here for You,https://archiveofourown.org/works/90700991,现PA,R,,
Unbroken Chains,https://archiveofourown.org/works/89465336,黑帮AU,R,,
堆堆利韩压抑,https://archiveofourown.org/works/88572456,合集,R,,
Surrender,https://archiveofourown.org/works/87855481,原作,R,,
It'll Be Fun,https://archiveofourown.org/works/87292266,现PA,R,,
Angel Face,https://archiveofourown.org/works/87265441,现PA,R,,
Paint and Progress,https://archiveofourown.org/works/45009388,现PA,R,,
【利韩】疼痛疗愈,https://archiveofourown.org/works/52319425,原作,R,,
Side Hustle,https://archiveofourown.org/works/86390401,现PA,R,,
How to Lose a Guy in Ten Days: A Scout's Guide,https://archiveofourown.org/works/80050131,原作,R,,
【利韩】伊卡洛斯的来信,https://archiveofourown.org/works/85852671,原作,R,,
【利韩】韩吉团长的秘密午后,https://archiveofourown.org/works/84186466,原作,R,,
【Levihan】绯色丝线（Crimson Thread）,https://archiveofourown.org/works/85842496,原作,R,,
Brewing Love,https://archiveofourown.org/works/68077496,现PA,R,,
Scientific Curiosity,https://archiveofourown.org/works/84953796,原作,R,,
【利韩】余温,https://archiveofourown.org/works/84725381,原作,R,,
【利韩】微醺,https://archiveofourown.org/works/84725561,原作,R,,
【利韩】非处方心动,https://archiveofourown.org/works/78353771,现PA,R,,
|LeviHan||Oneshot| Jane Doe.,https://archiveofourown.org/works/81251686,现PA,R,,
|LeviHan||Oneshot| becuz she neva knows,https://archiveofourown.org/works/82501191,现PA,R,,
"|LeviHan||Oneshot| Those who can't burry us, are waiting to be burried.",https://archiveofourown.org/works/84006961,女巫猎人,R,,
After School Shenanigans,https://archiveofourown.org/works/83344241,现PA,R,,
[利韩]这天我又想起你,https://archiveofourown.org/works/78640641,现PA,R,,
Reunion,https://archiveofourown.org/works/69925266,现PA,R,,
【利韩】利威尔能力的来源,https://archiveofourown.org/works/83418436,原作,R,,
谁有我老婆的热拉账号,https://archiveofourown.org/works/83053211,现PA,R,,
【利韩】男朋友生气了怎么办,https://archiveofourown.org/works/72278706,现PA,R,,
【利韩】网黄博主掉马了？,https://archiveofourown.org/works/80355221,现PA,R,,
【利韩】就快用完的时间,https://archiveofourown.org/works/58042528,美高,R,,
【利韩】读不懂的清晨,https://archiveofourown.org/works/52797526,现PA,R,,
【利韩】妹妹的唇,https://archiveofourown.org/works/75187411,现PA,R,,
BIRDS OF A FEATHER,https://archiveofourown.org/works/89404461,原作,清水,,
Childhood Vows,https://archiveofourown.org/works/88595376,现PA,清水,,
